"","Label","Plate.x","Repeat.x","Type.x","Time.x","Absorbance_all","Plate.y","Repeat.y","Well","Type.y","Time.y","A"
"1","D54",2,1,"M","00:01:03.34",0.016,2,1,"D12","M","00:01:08.32",0.94
"2","D54",2,1,"M","00:01:03.34",0.016,2,1,"D11","M","00:01:07.43",0.91
"3","D54",2,1,"M","00:01:03.34",0.016,2,1,"D10","M","00:01:06.54",0.866
"4","D54",2,1,"M","00:01:04.23",0.017,2,1,"D12","M","00:01:08.32",0.94
"5","D54",2,1,"M","00:01:04.23",0.017,2,1,"D11","M","00:01:07.43",0.91
"6","D54",2,1,"M","00:01:04.23",0.017,2,1,"D10","M","00:01:06.54",0.866
"7","D54",2,1,"M","00:01:05.12",0.019,2,1,"D12","M","00:01:08.32",0.94
"8","D54",2,1,"M","00:01:05.12",0.019,2,1,"D11","M","00:01:07.43",0.91
"9","D54",2,1,"M","00:01:05.12",0.019,2,1,"D10","M","00:01:06.54",0.866
"10","D55",1,1,"M","00:00:34.09",0.02,1,1,"B07","M","00:00:37.63",1.03
"11","D55",1,1,"M","00:00:34.09",0.02,1,1,"B06","M","00:00:36.74",1.131
"12","D55",1,1,"M","00:00:34.09",0.02,1,1,"B08","M","00:00:38.52",1.074
"13","D55",1,1,"M","00:00:34.98",0.026,1,1,"B07","M","00:00:37.63",1.03
"14","D55",1,1,"M","00:00:34.98",0.026,1,1,"B06","M","00:00:36.74",1.131
"15","D55",1,1,"M","00:00:34.98",0.026,1,1,"B08","M","00:00:38.52",1.074
"16","D55",1,1,"M","00:00:35.87",0.023,1,1,"B07","M","00:00:37.63",1.03
"17","D55",1,1,"M","00:00:35.87",0.023,1,1,"B06","M","00:00:36.74",1.131
"18","D55",1,1,"M","00:00:35.87",0.023,1,1,"B08","M","00:00:38.52",1.074
"19","D56",1,1,"M","00:00:36.76",0.003,1,1,"B11","M","00:00:41.19",0.861
"20","D56",1,1,"M","00:00:36.76",0.003,1,1,"B09","M","00:00:39.41",0.782
"21","D56",1,1,"M","00:00:36.76",0.003,1,1,"B10","M","00:00:40.30",0.869
"22","D56",1,1,"M","00:00:37.65",0.011,1,1,"B11","M","00:00:41.19",0.861
"23","D56",1,1,"M","00:00:37.65",0.011,1,1,"B09","M","00:00:39.41",0.782
"24","D56",1,1,"M","00:00:37.65",0.011,1,1,"B10","M","00:00:40.30",0.869
"25","D56",1,1,"M","00:00:38.53",-0.01,1,1,"B11","M","00:00:41.19",0.861
"26","D56",1,1,"M","00:00:38.53",-0.01,1,1,"B09","M","00:00:39.41",0.782
"27","D56",1,1,"M","00:00:38.53",-0.01,1,1,"B10","M","00:00:40.30",0.869
"28","D58",1,1,"M","00:00:50.76",0.017,1,1,"C09","M","00:00:52.52",1.095
"29","D58",1,1,"M","00:00:50.76",0.017,1,1,"C10","M","00:00:53.41",1.091
"30","D58",1,1,"M","00:00:50.76",0.017,1,1,"C11","M","00:00:54.30",1.062
"31","D58",1,1,"M","00:00:49.87",0.021,1,1,"C09","M","00:00:52.52",1.095
"32","D58",1,1,"M","00:00:49.87",0.021,1,1,"C10","M","00:00:53.41",1.091
"33","D58",1,1,"M","00:00:49.87",0.021,1,1,"C11","M","00:00:54.30",1.062
"34","D58",1,1,"M","00:00:51.65",0.025,1,1,"C09","M","00:00:52.52",1.095
"35","D58",1,1,"M","00:00:51.65",0.025,1,1,"C10","M","00:00:53.41",1.091
"36","D58",1,1,"M","00:00:51.65",0.025,1,1,"C11","M","00:00:54.30",1.062
"37","D59",1,1,"M","00:01:38.76",0.021,1,1,"G04","M","00:01:40.52",1.125
"38","D59",1,1,"M","00:01:38.76",0.021,1,1,"G03","M","00:01:39.63",1.078
"39","D59",1,1,"M","00:01:38.76",0.021,1,1,"G05","M","00:01:41.41",1.126
"40","D59",1,1,"M","00:01:36.98",0.024,1,1,"G04","M","00:01:40.52",1.125
"41","D59",1,1,"M","00:01:36.98",0.024,1,1,"G03","M","00:01:39.63",1.078
"42","D59",1,1,"M","00:01:36.98",0.024,1,1,"G05","M","00:01:41.41",1.126
"43","D59",1,1,"M","00:01:37.87",0.021,1,1,"G04","M","00:01:40.52",1.125
"44","D59",1,1,"M","00:01:37.87",0.021,1,1,"G03","M","00:01:39.63",1.078
"45","D59",1,1,"M","00:01:37.87",0.021,1,1,"G05","M","00:01:41.41",1.126
"46","M41",1,1,"M","00:00:33.20",0.00999999999999998,1,1,"B05","M","00:00:35.85",1.154
"47","M41",1,1,"M","00:00:33.20",0.00999999999999998,1,1,"B03","M","00:00:34.07",1.118
"48","M41",1,1,"M","00:00:33.20",0.00999999999999998,1,1,"B04","M","00:00:34.96",1.138
"49","M41",1,1,"M","00:00:31.43",0.00999999999999998,1,1,"B05","M","00:00:35.85",1.154
"50","M41",1,1,"M","00:00:31.43",0.00999999999999998,1,1,"B03","M","00:00:34.07",1.118
"51","M41",1,1,"M","00:00:31.43",0.00999999999999998,1,1,"B04","M","00:00:34.96",1.138
"52","M41",1,1,"M","00:00:32.31",0.014,1,1,"B05","M","00:00:35.85",1.154
"53","M41",1,1,"M","00:00:32.31",0.014,1,1,"B03","M","00:00:34.07",1.118
"54","M41",1,1,"M","00:00:32.31",0.014,1,1,"B04","M","00:00:34.96",1.138
"55","M42",2,1,"M","00:00:52.01",0.092,2,1,"C11","M","00:00:54.32",1.146
"56","M42",2,1,"M","00:00:52.01",0.092,2,1,"C10","M","00:00:53.43",1.207
"57","M42",2,1,"M","00:00:52.01",0.092,2,1,"C12","M","00:00:55.21",1.047
"58","M42",2,1,"M","00:00:50.23",0.089,2,1,"C11","M","00:00:54.32",1.146
"59","M42",2,1,"M","00:00:50.23",0.089,2,1,"C10","M","00:00:53.43",1.207
"60","M42",2,1,"M","00:00:50.23",0.089,2,1,"C12","M","00:00:55.21",1.047
"61","M42",2,1,"M","00:00:51.12",0.094,2,1,"C11","M","00:00:54.32",1.146
"62","M42",2,1,"M","00:00:51.12",0.094,2,1,"C10","M","00:00:53.43",1.207
"63","M42",2,1,"M","00:00:51.12",0.094,2,1,"C12","M","00:00:55.21",1.047
"64","M43",2,1,"M","00:01:20.90",0.0580000000000001,2,1,"F02","M","00:01:25.65",1.072
"65","M43",2,1,"M","00:01:20.90",0.0580000000000001,2,1,"F01","M","00:01:24.76",1.065
"66","M43",2,1,"M","00:01:20.90",0.0580000000000001,2,1,"F03","M","00:01:26.54",1.054
"67","M43",2,1,"M","00:01:19.12",0.043,2,1,"F02","M","00:01:25.65",1.072
"68","M43",2,1,"M","00:01:19.12",0.043,2,1,"F01","M","00:01:24.76",1.065
"69","M43",2,1,"M","00:01:19.12",0.043,2,1,"F03","M","00:01:26.54",1.054
"70","M43",2,1,"M","00:01:20.01",0.052,2,1,"F02","M","00:01:25.65",1.072
"71","M43",2,1,"M","00:01:20.01",0.052,2,1,"F01","M","00:01:24.76",1.065
"72","M43",2,1,"M","00:01:20.01",0.052,2,1,"F03","M","00:01:26.54",1.054
"73","M45",1,1,"M","00:01:19.82",0.075,3,1,"E10","M","00:01:19.45",1.04
"74","M45",1,1,"M","00:01:19.82",0.075,3,1,"E11","M","00:01:20.34",1.035
"75","M45",1,1,"M","00:01:19.82",0.075,3,1,"E12","M","00:01:21.23",1.168
"76","M45",1,1,"M","00:01:20.71",0.074,3,1,"E10","M","00:01:19.45",1.04
"77","M45",1,1,"M","00:01:20.71",0.074,3,1,"E11","M","00:01:20.34",1.035
"78","M45",1,1,"M","00:01:20.71",0.074,3,1,"E12","M","00:01:21.23",1.168
"79","M45",1,1,"M","00:01:21.60",0.074,3,1,"E10","M","00:01:19.45",1.04
"80","M45",1,1,"M","00:01:21.60",0.074,3,1,"E11","M","00:01:20.34",1.035
"81","M45",1,1,"M","00:01:21.60",0.074,3,1,"E12","M","00:01:21.23",1.168
"82","M46",2,1,"M","00:01:27.78",0.017,2,1,"F08","M","00:01:30.99",1.076
"83","M46",2,1,"M","00:01:27.78",0.017,2,1,"F07","M","00:01:30.10",0.922
"84","M46",2,1,"M","00:01:27.78",0.017,2,1,"F09","M","00:01:31.87",1.07
"85","M46",2,1,"M","00:01:28.67",0.017,2,1,"F08","M","00:01:30.99",1.076
"86","M46",2,1,"M","00:01:28.67",0.017,2,1,"F07","M","00:01:30.10",0.922
"87","M46",2,1,"M","00:01:28.67",0.017,2,1,"F09","M","00:01:31.87",1.07
"88","M46",2,1,"M","00:01:26.90",0.018,2,1,"F08","M","00:01:30.99",1.076
"89","M46",2,1,"M","00:01:26.90",0.018,2,1,"F07","M","00:01:30.10",0.922
"90","M46",2,1,"M","00:01:26.90",0.018,2,1,"F09","M","00:01:31.87",1.07
"91","M47",1,1,"M","00:01:25.65",0.013,1,1,"F03","M","00:01:26.52",1.172
"92","M47",1,1,"M","00:01:25.65",0.013,1,1,"F04","M","00:01:27.41",1.112
"93","M47",1,1,"M","00:01:25.65",0.013,1,1,"F05","M","00:01:28.30",1.088
"94","M47",1,1,"M","00:01:23.87",0.018,1,1,"F03","M","00:01:26.52",1.172
"95","M47",1,1,"M","00:01:23.87",0.018,1,1,"F04","M","00:01:27.41",1.112
"96","M47",1,1,"M","00:01:23.87",0.018,1,1,"F05","M","00:01:28.30",1.088
"97","M47",1,1,"M","00:01:24.76",0.014,1,1,"F03","M","00:01:26.52",1.172
"98","M47",1,1,"M","00:01:24.76",0.014,1,1,"F04","M","00:01:27.41",1.112
"99","M47",1,1,"M","00:01:24.76",0.014,1,1,"F05","M","00:01:28.30",1.088
"100","M48",2,1,"M","00:00:24.01",0.03,2,1,"A08","M","00:00:25.43",1.121
"101","M48",2,1,"M","00:00:24.01",0.03,2,1,"A09","M","00:00:26.32",1.055
"102","M48",2,1,"M","00:00:24.01",0.03,2,1,"A07","M","00:00:24.54",1.058
"103","M48",2,1,"M","00:00:24.90",0.031,2,1,"A08","M","00:00:25.43",1.121
"104","M48",2,1,"M","00:00:24.90",0.031,2,1,"A09","M","00:00:26.32",1.055
"105","M48",2,1,"M","00:00:24.90",0.031,2,1,"A07","M","00:00:24.54",1.058
"106","M48",2,1,"M","00:00:25.79",0.03,2,1,"A08","M","00:00:25.43",1.121
"107","M48",2,1,"M","00:00:25.79",0.03,2,1,"A09","M","00:00:26.32",1.055
"108","M48",2,1,"M","00:00:25.79",0.03,2,1,"A07","M","00:00:24.54",1.058
"109","M49",2,1,"M","00:01:01.56",0.022,2,1,"D07","M","00:01:03.88",0.978
"110","M49",2,1,"M","00:01:01.56",0.022,2,1,"D09","M","00:01:05.65",0.972
"111","M49",2,1,"M","00:01:01.56",0.022,2,1,"D08","M","00:01:04.76",0.957
"112","M49",2,1,"M","00:01:02.45",0.015,2,1,"D07","M","00:01:03.88",0.978
"113","M49",2,1,"M","00:01:02.45",0.015,2,1,"D09","M","00:01:05.65",0.972
"114","M49",2,1,"M","00:01:02.45",0.015,2,1,"D08","M","00:01:04.76",0.957
"115","M49",2,1,"M","00:01:00.67",0.021,2,1,"D07","M","00:01:03.88",0.978
"116","M49",2,1,"M","00:01:00.67",0.021,2,1,"D09","M","00:01:05.65",0.972
"117","M49",2,1,"M","00:01:00.67",0.021,2,1,"D08","M","00:01:04.76",0.957
"118","M89",1,1,"M","00:00:27.20",0.012,1,1,"B02","M","00:00:33.19",1.11
"119","M89",1,1,"M","00:00:27.20",0.012,1,1,"A12","M","00:00:28.96",1.174
"120","M89",1,1,"M","00:00:27.20",0.012,1,1,"B01","M","00:00:32.30",1.148
"121","M89",1,1,"M","00:00:26.31",0.014,1,1,"B02","M","00:00:33.19",1.11
"122","M89",1,1,"M","00:00:26.31",0.014,1,1,"A12","M","00:00:28.96",1.174
"123","M89",1,1,"M","00:00:26.31",0.014,1,1,"B01","M","00:00:32.30",1.148
"124","M89",1,1,"M","00:00:28.09",0.012,1,1,"B02","M","00:00:33.19",1.11
"125","M89",1,1,"M","00:00:28.09",0.012,1,1,"A12","M","00:00:28.96",1.174
"126","M89",1,1,"M","00:00:28.09",0.012,1,1,"B01","M","00:00:32.30",1.148
"127","M90",2,1,"M","00:00:34.45",0.023,2,1,"B09","M","00:00:39.43",1.25
"128","M90",2,1,"M","00:00:34.45",0.023,2,1,"B07","M","00:00:37.65",1.265
"129","M90",2,1,"M","00:00:34.45",0.023,2,1,"B08","M","00:00:38.54",1.203
"130","M90",2,1,"M","00:00:35.34",0.025,2,1,"B09","M","00:00:39.43",1.25
"131","M90",2,1,"M","00:00:35.34",0.025,2,1,"B07","M","00:00:37.65",1.265
"132","M90",2,1,"M","00:00:35.34",0.025,2,1,"B08","M","00:00:38.54",1.203
"133","M90",2,1,"M","00:00:36.23",0.025,2,1,"B09","M","00:00:39.43",1.25
"134","M90",2,1,"M","00:00:36.23",0.025,2,1,"B07","M","00:00:37.65",1.265
"135","M90",2,1,"M","00:00:36.23",0.025,2,1,"B08","M","00:00:38.54",1.203
"136","N41",2,1,"M","00:01:15.56",0.00800000000000001,2,1,"E09","M","00:01:18.76",0.982
"137","N41",2,1,"M","00:01:15.56",0.00800000000000001,2,1,"E07","M","00:01:16.99",0.916
"138","N41",2,1,"M","00:01:15.56",0.00800000000000001,2,1,"E08","M","00:01:17.87",1.037
"139","N41",2,1,"M","00:01:14.67",0.00600000000000001,2,1,"E09","M","00:01:18.76",0.982
"140","N41",2,1,"M","00:01:14.67",0.00600000000000001,2,1,"E07","M","00:01:16.99",0.916
"141","N41",2,1,"M","00:01:14.67",0.00600000000000001,2,1,"E08","M","00:01:17.87",1.037
"142","N41",2,1,"M","00:01:13.78",0.00700000000000001,2,1,"E09","M","00:01:18.76",0.982
"143","N41",2,1,"M","00:01:13.78",0.00700000000000001,2,1,"E07","M","00:01:16.99",0.916
"144","N41",2,1,"M","00:01:13.78",0.00700000000000001,2,1,"E08","M","00:01:17.87",1.037
"145","N42",2,1,"M","00:00:19.56",0.036,2,1,"A03","M","00:00:20.99",1.17
"146","N42",2,1,"M","00:00:19.56",0.036,2,1,"A01","M","00:00:19.20",1.177
"147","N42",2,1,"M","00:00:19.56",0.036,2,1,"A02","M","00:00:20.10",1.199
"148","N42",2,1,"M","00:00:18.66",0.04,2,1,"A03","M","00:00:20.99",1.17
"149","N42",2,1,"M","00:00:18.66",0.04,2,1,"A01","M","00:00:19.20",1.177
"150","N42",2,1,"M","00:00:18.66",0.04,2,1,"A02","M","00:00:20.10",1.199
"151","N42",2,1,"M","00:00:20.45",0.037,2,1,"A03","M","00:00:20.99",1.17
"152","N42",2,1,"M","00:00:20.45",0.037,2,1,"A01","M","00:00:19.20",1.177
"153","N42",2,1,"M","00:00:20.45",0.037,2,1,"A02","M","00:00:20.10",1.199
"154","N43",2,1,"M","00:00:33.56",0.019,2,1,"B05","M","00:00:35.88",0.873
"155","N43",2,1,"M","00:00:33.56",0.019,2,1,"B04","M","00:00:34.99",0.87
"156","N43",2,1,"M","00:00:33.56",0.019,2,1,"B06","M","00:00:36.76",0.879
"157","N43",2,1,"M","00:00:32.67",0.02,2,1,"B05","M","00:00:35.88",0.873
"158","N43",2,1,"M","00:00:32.67",0.02,2,1,"B04","M","00:00:34.99",0.87
"159","N43",2,1,"M","00:00:32.67",0.02,2,1,"B06","M","00:00:36.76",0.879
"160","N43",2,1,"M","00:00:31.79",0.02,2,1,"B05","M","00:00:35.88",0.873
"161","N43",2,1,"M","00:00:31.79",0.02,2,1,"B04","M","00:00:34.99",0.87
"162","N43",2,1,"M","00:00:31.79",0.02,2,1,"B06","M","00:00:36.76",0.879
"163","N44",1,1,"M","00:01:16.09",0.013,1,1,"E10","M","00:01:19.63",1.112
"164","N44",1,1,"M","00:01:16.09",0.013,1,1,"E11","M","00:01:20.52",1.11
"165","N44",1,1,"M","00:01:16.09",0.013,1,1,"E09","M","00:01:18.74",1.06
"166","N44",1,1,"M","00:01:16.98",0.011,1,1,"E10","M","00:01:19.63",1.112
"167","N44",1,1,"M","00:01:16.98",0.011,1,1,"E11","M","00:01:20.52",1.11
"168","N44",1,1,"M","00:01:16.98",0.011,1,1,"E09","M","00:01:18.74",1.06
"169","N44",1,1,"M","00:01:17.87",0.013,1,1,"E10","M","00:01:19.63",1.112
"170","N44",1,1,"M","00:01:17.87",0.013,1,1,"E11","M","00:01:20.52",1.11
"171","N44",1,1,"M","00:01:17.87",0.013,1,1,"E09","M","00:01:18.74",1.06
"172","N45",1,1,"M","00:01:13.42",0.013,1,1,"E06","M","00:01:16.07",0.92
"173","N45",1,1,"M","00:01:13.42",0.013,1,1,"E07","M","00:01:16.96",0.984
"174","N45",1,1,"M","00:01:13.42",0.013,1,1,"E08","M","00:01:17.85",0.943
"175","N45",1,1,"M","00:01:14.31",0.017,1,1,"E06","M","00:01:16.07",0.92
"176","N45",1,1,"M","00:01:14.31",0.017,1,1,"E07","M","00:01:16.96",0.984
"177","N45",1,1,"M","00:01:14.31",0.017,1,1,"E08","M","00:01:17.85",0.943
"178","N45",1,1,"M","00:01:15.20",0.016,1,1,"E06","M","00:01:16.07",0.92
"179","N45",1,1,"M","00:01:15.20",0.016,1,1,"E07","M","00:01:16.96",0.984
"180","N45",1,1,"M","00:01:15.20",0.016,1,1,"E08","M","00:01:17.85",0.943
"181","N46",1,1,"M","00:01:30.09",0.00600000000000001,1,1,"F11","M","00:01:33.63",0.989
"182","N46",1,1,"M","00:01:30.09",0.00600000000000001,1,1,"F09","M","00:01:31.85",1.013
"183","N46",1,1,"M","00:01:30.09",0.00600000000000001,1,1,"F10","M","00:01:32.74",1.069
"184","N46",1,1,"M","00:01:29.20",0.016,1,1,"F11","M","00:01:33.63",0.989
"185","N46",1,1,"M","00:01:29.20",0.016,1,1,"F09","M","00:01:31.85",1.013
"186","N46",1,1,"M","00:01:29.20",0.016,1,1,"F10","M","00:01:32.74",1.069
"187","N46",1,1,"M","00:01:30.98",0.00999999999999998,1,1,"F11","M","00:01:33.63",0.989
"188","N46",1,1,"M","00:01:30.98",0.00999999999999998,1,1,"F09","M","00:01:31.85",1.013
"189","N46",1,1,"M","00:01:30.98",0.00999999999999998,1,1,"F10","M","00:01:32.74",1.069
"190","N47",2,1,"M","00:01:30.45",0.029,2,1,"F10","M","00:01:32.76",0.999
"191","N47",2,1,"M","00:01:30.45",0.029,2,1,"F11","M","00:01:33.65",1.052
"192","N47",2,1,"M","00:01:30.45",0.029,2,1,"F12","M","00:01:34.54",1.053
"193","N47",2,1,"M","00:01:31.34",0.031,2,1,"F10","M","00:01:32.76",0.999
"194","N47",2,1,"M","00:01:31.34",0.031,2,1,"F11","M","00:01:33.65",1.052
"195","N47",2,1,"M","00:01:31.34",0.031,2,1,"F12","M","00:01:34.54",1.053
"196","N47",2,1,"M","00:01:29.56",0.022,2,1,"F10","M","00:01:32.76",0.999
"197","N47",2,1,"M","00:01:29.56",0.022,2,1,"F11","M","00:01:33.65",1.052
"198","N47",2,1,"M","00:01:29.56",0.022,2,1,"F12","M","00:01:34.54",1.053
"199","N48",1,1,"M","00:00:27.37",0.074,3,1,"A07","M","00:00:24.34",0.925
"200","N48",1,1,"M","00:00:27.37",0.074,3,1,"A09","M","00:00:26.12",0.789
"201","N48",1,1,"M","00:00:27.37",0.074,3,1,"A08","M","00:00:25.23",0.882
"202","N48",1,1,"M","00:00:28.26",0.086,3,1,"A07","M","00:00:24.34",0.925
"203","N48",1,1,"M","00:00:28.26",0.086,3,1,"A09","M","00:00:26.12",0.789
"204","N48",1,1,"M","00:00:28.26",0.086,3,1,"A08","M","00:00:25.23",0.882
"205","N48",1,1,"M","00:00:29.15",0.086,3,1,"A07","M","00:00:24.34",0.925
"206","N48",1,1,"M","00:00:29.15",0.086,3,1,"A09","M","00:00:26.12",0.789
"207","N48",1,1,"M","00:00:29.15",0.086,3,1,"A08","M","00:00:25.23",0.882
"208","N49",2,1,"M","00:00:48.45",0.02,2,1,"C09","M","00:00:52.54",0.819
"209","N49",2,1,"M","00:00:48.45",0.02,2,1,"C07","M","00:00:50.76",0.779
"210","N49",2,1,"M","00:00:48.45",0.02,2,1,"C08","M","00:00:51.65",0.822
"211","N49",2,1,"M","00:00:47.56",0.022,2,1,"C09","M","00:00:52.54",0.819
"212","N49",2,1,"M","00:00:47.56",0.022,2,1,"C07","M","00:00:50.76",0.779
"213","N49",2,1,"M","00:00:47.56",0.022,2,1,"C08","M","00:00:51.65",0.822
"214","N49",2,1,"M","00:00:49.34",0.022,2,1,"C09","M","00:00:52.54",0.819
"215","N49",2,1,"M","00:00:49.34",0.022,2,1,"C07","M","00:00:50.76",0.779
"216","N49",2,1,"M","00:00:49.34",0.022,2,1,"C08","M","00:00:51.65",0.822
"217","N50",1,1,"M","00:01:06.71",0.099,3,1,"D12","M","00:01:08.12",1.03
"218","N50",1,1,"M","00:01:06.71",0.099,3,1,"D10","M","00:01:06.34",0.878
"219","N50",1,1,"M","00:01:06.71",0.099,3,1,"D11","M","00:01:07.23",1
"220","N50",1,1,"M","00:01:07.60",0.097,3,1,"D12","M","00:01:08.12",1.03
"221","N50",1,1,"M","00:01:07.60",0.097,3,1,"D10","M","00:01:06.34",0.878
"222","N50",1,1,"M","00:01:07.60",0.097,3,1,"D11","M","00:01:07.23",1
"223","N50",1,1,"M","00:01:08.49",0.097,3,1,"D12","M","00:01:08.12",1.03
"224","N50",1,1,"M","00:01:08.49",0.097,3,1,"D10","M","00:01:06.34",0.878
"225","N50",1,1,"M","00:01:08.49",0.097,3,1,"D11","M","00:01:07.23",1
"226","N51",1,1,"M","00:00:33.37",0.063,3,1,"B06","M","00:00:36.56",0.948
"227","N51",1,1,"M","00:00:33.37",0.063,3,1,"B05","M","00:00:35.67",0.879
"228","N51",1,1,"M","00:00:33.37",0.063,3,1,"A12","M","00:00:28.78",0.882
"229","N51",1,1,"M","00:00:33.37",0.063,3,1,"A11","M","00:00:27.90",0.966
"230","N51",1,1,"M","00:00:33.37",0.063,3,1,"B04","M","00:00:34.78",0.834
"231","N51",1,1,"M","00:00:33.37",0.063,3,1,"A10","M","00:00:27.01",0.926
"232","N51",1,1,"M","00:00:34.26",0.062,3,1,"B06","M","00:00:36.56",0.948
"233","N51",1,1,"M","00:00:34.26",0.062,3,1,"B05","M","00:00:35.67",0.879
"234","N51",1,1,"M","00:00:34.26",0.062,3,1,"A12","M","00:00:28.78",0.882
"235","N51",1,1,"M","00:00:34.26",0.062,3,1,"A11","M","00:00:27.90",0.966
"236","N51",1,1,"M","00:00:34.26",0.062,3,1,"B04","M","00:00:34.78",0.834
"237","N51",1,1,"M","00:00:34.26",0.062,3,1,"A10","M","00:00:27.01",0.926
"238","N51",1,1,"M","00:00:32.49",0.073,3,1,"B06","M","00:00:36.56",0.948
"239","N51",1,1,"M","00:00:32.49",0.073,3,1,"B05","M","00:00:35.67",0.879
"240","N51",1,1,"M","00:00:32.49",0.073,3,1,"A12","M","00:00:28.78",0.882
"241","N51",1,1,"M","00:00:32.49",0.073,3,1,"A11","M","00:00:27.90",0.966
"242","N51",1,1,"M","00:00:32.49",0.073,3,1,"B04","M","00:00:34.78",0.834
"243","N51",1,1,"M","00:00:32.49",0.073,3,1,"A10","M","00:00:27.01",0.926
"244","N52",1,1,"M","00:00:58.71",0.098,3,1,"C12","M","00:00:55.01",1.048
"245","N52",1,1,"M","00:00:58.71",0.098,3,1,"C10","M","00:00:53.23",0.895
"246","N52",1,1,"M","00:00:58.71",0.098,3,1,"C11","M","00:00:54.12",1.012
"247","N52",1,1,"M","00:00:59.60",0.113,3,1,"C12","M","00:00:55.01",1.048
"248","N52",1,1,"M","00:00:59.60",0.113,3,1,"C10","M","00:00:53.23",0.895
"249","N52",1,1,"M","00:00:59.60",0.113,3,1,"C11","M","00:00:54.12",1.012
"250","N52",1,1,"M","00:01:00.49",0.109,3,1,"C12","M","00:00:55.01",1.048
"251","N52",1,1,"M","00:01:00.49",0.109,3,1,"C10","M","00:00:53.23",0.895
"252","N52",1,1,"M","00:01:00.49",0.109,3,1,"C11","M","00:00:54.12",1.012
"253","N53",1,1,"M","00:00:50.04",0.129,3,1,"C03","M","00:00:47.01",1.133
"254","N53",1,1,"M","00:00:50.04",0.129,3,1,"C02","M","00:00:46.12",1.015
"255","N53",1,1,"M","00:00:50.04",0.129,3,1,"C01","M","00:00:45.23",1.018
"256","N53",1,1,"M","00:00:48.26",0.129,3,1,"C03","M","00:00:47.01",1.133
"257","N53",1,1,"M","00:00:48.26",0.129,3,1,"C02","M","00:00:46.12",1.015
"258","N53",1,1,"M","00:00:48.26",0.129,3,1,"C01","M","00:00:45.23",1.018
"259","N53",1,1,"M","00:00:49.15",0.141,3,1,"C03","M","00:00:47.01",1.133
"260","N53",1,1,"M","00:00:49.15",0.141,3,1,"C02","M","00:00:46.12",1.015
"261","N53",1,1,"M","00:00:49.15",0.141,3,1,"C01","M","00:00:45.23",1.018
"262","N54",1,1,"M","00:00:36.93",0.102,3,1,"B03","M","00:00:33.90",1.145
"263","N54",1,1,"M","00:00:36.93",0.102,3,1,"B02","M","00:00:33.01",0.973
"264","N54",1,1,"M","00:00:36.93",0.102,3,1,"B01","M","00:00:32.12",1.104
"265","N54",1,1,"M","00:00:35.15",0.097,3,1,"B03","M","00:00:33.90",1.145
"266","N54",1,1,"M","00:00:35.15",0.097,3,1,"B02","M","00:00:33.01",0.973
"267","N54",1,1,"M","00:00:35.15",0.097,3,1,"B01","M","00:00:32.12",1.104
"268","N54",1,1,"M","00:00:36.04",0.107,3,1,"B03","M","00:00:33.90",1.145
"269","N54",1,1,"M","00:00:36.04",0.107,3,1,"B02","M","00:00:33.01",0.973
"270","N54",1,1,"M","00:00:36.04",0.107,3,1,"B01","M","00:00:32.12",1.104
"271","N55",1,1,"M","00:01:17.15",0.081,3,1,"E07","M","00:01:16.78",1.101
"272","N55",1,1,"M","00:01:17.15",0.081,3,1,"E08","M","00:01:17.67",1.058
"273","N55",1,1,"M","00:01:17.15",0.081,3,1,"E09","M","00:01:18.56",1.146
"274","N55",1,1,"M","00:01:18.04",0.078,3,1,"E07","M","00:01:16.78",1.101
"275","N55",1,1,"M","00:01:18.04",0.078,3,1,"E08","M","00:01:17.67",1.058
"276","N55",1,1,"M","00:01:18.04",0.078,3,1,"E09","M","00:01:18.56",1.146
"277","N55",1,1,"M","00:01:18.93",0.077,3,1,"E07","M","00:01:16.78",1.101
"278","N55",1,1,"M","00:01:18.93",0.077,3,1,"E08","M","00:01:17.67",1.058
"279","N55",1,1,"M","00:01:18.93",0.077,3,1,"E09","M","00:01:18.56",1.146
"280","N56",1,1,"M","00:00:40.49",0.098,3,1,"B07","M","00:00:37.45",0.771
"281","N56",1,1,"M","00:00:40.49",0.098,3,1,"B08","M","00:00:38.34",0.817
"282","N56",1,1,"M","00:00:40.49",0.098,3,1,"B09","M","00:00:39.23",0.856
"283","N56",1,1,"M","00:00:41.37",0.109,3,1,"B07","M","00:00:37.45",0.771
"284","N56",1,1,"M","00:00:41.37",0.109,3,1,"B08","M","00:00:38.34",0.817
"285","N56",1,1,"M","00:00:41.37",0.109,3,1,"B09","M","00:00:39.23",0.856
"286","N56",1,1,"M","00:00:42.26",0.108,3,1,"B07","M","00:00:37.45",0.771
"287","N56",1,1,"M","00:00:42.26",0.108,3,1,"B08","M","00:00:38.34",0.817
"288","N56",1,1,"M","00:00:42.26",0.108,3,1,"B09","M","00:00:39.23",0.856
"289","N57",2,1,"M","00:00:58.01",0.021,3,1,"C05","M","00:00:48.78",0.774
"290","N57",2,1,"M","00:00:58.01",0.021,2,1,"D04","M","00:01:01.21",0.955
"291","N57",2,1,"M","00:00:58.01",0.021,2,1,"D05","M","00:01:02.10",1.115
"292","N57",2,1,"M","00:00:58.01",0.021,2,1,"D06","M","00:01:02.99",1.228
"293","N57",2,1,"M","00:00:58.01",0.021,3,1,"C06","M","00:00:49.67",0.802
"294","N57",2,1,"M","00:00:58.01",0.021,3,1,"C04","M","00:00:47.90",0.835
"295","N57",1,1,"M","00:00:52.71",0.112,3,1,"C05","M","00:00:48.78",0.774
"296","N57",1,1,"M","00:00:52.71",0.112,2,1,"D04","M","00:01:01.21",0.955
"297","N57",1,1,"M","00:00:52.71",0.112,2,1,"D05","M","00:01:02.10",1.115
"298","N57",1,1,"M","00:00:52.71",0.112,2,1,"D06","M","00:01:02.99",1.228
"299","N57",1,1,"M","00:00:52.71",0.112,3,1,"C06","M","00:00:49.67",0.802
"300","N57",1,1,"M","00:00:52.71",0.112,3,1,"C04","M","00:00:47.90",0.835
"301","N57",1,1,"M","00:00:50.93",0.111,3,1,"C05","M","00:00:48.78",0.774
"302","N57",1,1,"M","00:00:50.93",0.111,2,1,"D04","M","00:01:01.21",0.955
"303","N57",1,1,"M","00:00:50.93",0.111,2,1,"D05","M","00:01:02.10",1.115
"304","N57",1,1,"M","00:00:50.93",0.111,2,1,"D06","M","00:01:02.99",1.228
"305","N57",1,1,"M","00:00:50.93",0.111,3,1,"C06","M","00:00:49.67",0.802
"306","N57",1,1,"M","00:00:50.93",0.111,3,1,"C04","M","00:00:47.90",0.835
"307","N57",2,1,"M","00:00:58.90",0.023,3,1,"C05","M","00:00:48.78",0.774
"308","N57",2,1,"M","00:00:58.90",0.023,2,1,"D04","M","00:01:01.21",0.955
"309","N57",2,1,"M","00:00:58.90",0.023,2,1,"D05","M","00:01:02.10",1.115
"310","N57",2,1,"M","00:00:58.90",0.023,2,1,"D06","M","00:01:02.99",1.228
"311","N57",2,1,"M","00:00:58.90",0.023,3,1,"C06","M","00:00:49.67",0.802
"312","N57",2,1,"M","00:00:58.90",0.023,3,1,"C04","M","00:00:47.90",0.835
"313","N57",2,1,"M","00:00:59.79",0.021,3,1,"C05","M","00:00:48.78",0.774
"314","N57",2,1,"M","00:00:59.79",0.021,2,1,"D04","M","00:01:01.21",0.955
"315","N57",2,1,"M","00:00:59.79",0.021,2,1,"D05","M","00:01:02.10",1.115
"316","N57",2,1,"M","00:00:59.79",0.021,2,1,"D06","M","00:01:02.99",1.228
"317","N57",2,1,"M","00:00:59.79",0.021,3,1,"C06","M","00:00:49.67",0.802
"318","N57",2,1,"M","00:00:59.79",0.021,3,1,"C04","M","00:00:47.90",0.835
"319","N57",1,1,"M","00:00:51.82",0.107,3,1,"C05","M","00:00:48.78",0.774
"320","N57",1,1,"M","00:00:51.82",0.107,2,1,"D04","M","00:01:01.21",0.955
"321","N57",1,1,"M","00:00:51.82",0.107,2,1,"D05","M","00:01:02.10",1.115
"322","N57",1,1,"M","00:00:51.82",0.107,2,1,"D06","M","00:01:02.99",1.228
"323","N57",1,1,"M","00:00:51.82",0.107,3,1,"C06","M","00:00:49.67",0.802
"324","N57",1,1,"M","00:00:51.82",0.107,3,1,"C04","M","00:00:47.90",0.835
"325","N58",1,1,"M","00:00:19.36",0.097,3,1,"A01","M","00:00:19.00",0.945
"326","N58",1,1,"M","00:00:19.36",0.097,3,1,"A03","M","00:00:20.78",0.798
"327","N58",1,1,"M","00:00:19.36",0.097,3,1,"A02","M","00:00:19.90",0.987
"328","N58",1,1,"M","00:00:20.26",0.095,3,1,"A01","M","00:00:19.00",0.945
"329","N58",1,1,"M","00:00:20.26",0.095,3,1,"A03","M","00:00:20.78",0.798
"330","N58",1,1,"M","00:00:20.26",0.095,3,1,"A02","M","00:00:19.90",0.987
"331","N58",1,1,"M","00:00:21.15",0.096,3,1,"A01","M","00:00:19.00",0.945
"332","N58",1,1,"M","00:00:21.15",0.096,3,1,"A03","M","00:00:20.78",0.798
"333","N58",1,1,"M","00:00:21.15",0.096,3,1,"A02","M","00:00:19.90",0.987
"334","N59",2,1,"M","00:00:52.90",0.027,2,1,"D03","M","00:01:00.32",0.952
"335","N59",2,1,"M","00:00:52.90",0.027,2,1,"D01","M","00:00:58.54",0.968
"336","N59",2,1,"M","00:00:52.90",0.027,2,1,"D02","M","00:00:59.43",0.998
"337","N59",2,1,"M","00:00:53.79",0.033,2,1,"D03","M","00:01:00.32",0.952
"338","N59",2,1,"M","00:00:53.79",0.033,2,1,"D01","M","00:00:58.54",0.968
"339","N59",2,1,"M","00:00:53.79",0.033,2,1,"D02","M","00:00:59.43",0.998
"340","N59",2,1,"M","00:00:54.67",0.035,2,1,"D03","M","00:01:00.32",0.952
"341","N59",2,1,"M","00:00:54.67",0.035,2,1,"D01","M","00:00:58.54",0.968
"342","N59",2,1,"M","00:00:54.67",0.035,2,1,"D02","M","00:00:59.43",0.998
"343","R42",1,1,"M","00:00:57.65",-0.00600000000000001,1,1,"D04","M","00:01:01.18",1.049
"344","R42",1,1,"M","00:00:57.65",-0.00600000000000001,1,1,"D03","M","00:01:00.30",0.995
"345","R42",1,1,"M","00:00:57.65",-0.00600000000000001,1,1,"D05","M","00:01:02.07",0.904
"346","R42",1,1,"M","00:00:58.53",0.005,1,1,"D04","M","00:01:01.18",1.049
"347","R42",1,1,"M","00:00:58.53",0.005,1,1,"D03","M","00:01:00.30",0.995
"348","R42",1,1,"M","00:00:58.53",0.005,1,1,"D05","M","00:01:02.07",0.904
"349","R42",1,1,"M","00:00:59.42",-0.00700000000000001,1,1,"D04","M","00:01:01.18",1.049
"350","R42",1,1,"M","00:00:59.42",-0.00700000000000001,1,1,"D03","M","00:01:00.30",0.995
"351","R42",1,1,"M","00:00:59.42",-0.00700000000000001,1,1,"D05","M","00:01:02.07",0.904
"352","R46",1,1,"M","00:00:25.42",0.015,1,1,"A10","M","00:00:27.19",1.017
"353","R46",1,1,"M","00:00:25.42",0.015,1,1,"A09","M","00:00:26.30",0.936
"354","R46",1,1,"M","00:00:25.42",0.015,1,1,"A11","M","00:00:28.08",1.024
"355","R46",1,1,"M","00:00:24.54",0.005,1,1,"A10","M","00:00:27.19",1.017
"356","R46",1,1,"M","00:00:24.54",0.005,1,1,"A09","M","00:00:26.30",0.936
"357","R46",1,1,"M","00:00:24.54",0.005,1,1,"A11","M","00:00:28.08",1.024
"358","R46",1,1,"M","00:00:23.65",0.015,1,1,"A10","M","00:00:27.19",1.017
"359","R46",1,1,"M","00:00:23.65",0.015,1,1,"A09","M","00:00:26.30",0.936
"360","R46",1,1,"M","00:00:23.65",0.015,1,1,"A11","M","00:00:28.08",1.024
"361","R47",1,1,"M","00:01:11.65",-0.003,1,1,"E03","M","00:01:13.41",1.306
"362","R47",1,1,"M","00:01:11.65",-0.003,1,1,"E04","M","00:01:14.30",1.207
"363","R47",1,1,"M","00:01:11.65",-0.003,1,1,"E05","M","00:01:15.18",1.239
"364","R47",1,1,"M","00:01:12.53",-0.00299999999999995,1,1,"E03","M","00:01:13.41",1.306
"365","R47",1,1,"M","00:01:12.53",-0.00299999999999995,1,1,"E04","M","00:01:14.30",1.207
"366","R47",1,1,"M","00:01:12.53",-0.00299999999999995,1,1,"E05","M","00:01:15.18",1.239
"367","R47",1,1,"M","00:01:10.76",0,1,1,"E03","M","00:01:13.41",1.306
"368","R47",1,1,"M","00:01:10.76",0,1,1,"E04","M","00:01:14.30",1.207
"369","R47",1,1,"M","00:01:10.76",0,1,1,"E05","M","00:01:15.18",1.239
"370","R48",1,1,"M","00:01:01.20",0.013,1,1,"D08","M","00:01:04.74",1.057
"371","R48",1,1,"M","00:01:01.20",0.013,1,1,"D07","M","00:01:03.85",1.148
"372","R48",1,1,"M","00:01:01.20",0.013,1,1,"D06","M","00:01:02.96",0.975
"373","R48",1,1,"M","00:01:00.31",0.014,1,1,"D08","M","00:01:04.74",1.057
"374","R48",1,1,"M","00:01:00.31",0.014,1,1,"D07","M","00:01:03.85",1.148
"375","R48",1,1,"M","00:01:00.31",0.014,1,1,"D06","M","00:01:02.96",0.975
"376","R48",1,1,"M","00:01:02.09",0.011,1,1,"D08","M","00:01:04.74",1.057
"377","R48",1,1,"M","00:01:02.09",0.011,1,1,"D07","M","00:01:03.85",1.148
"378","R48",1,1,"M","00:01:02.09",0.011,1,1,"D06","M","00:01:02.96",0.975
"379","R50",1,1,"M","00:00:54.31",0.00499999999999998,1,1,"C12","M","00:00:55.19",1.15
"380","R50",1,1,"M","00:00:54.31",0.00499999999999998,1,1,"D01","M","00:00:58.52",1.129
"381","R50",1,1,"M","00:00:54.31",0.00499999999999998,1,1,"D02","M","00:00:59.41",1.113
"382","R50",1,1,"M","00:00:52.53",0.002,1,1,"C12","M","00:00:55.19",1.15
"383","R50",1,1,"M","00:00:52.53",0.002,1,1,"D01","M","00:00:58.52",1.129
"384","R50",1,1,"M","00:00:52.53",0.002,1,1,"D02","M","00:00:59.41",1.113
"385","R50",1,1,"M","00:00:53.42",0.00299999999999997,1,1,"C12","M","00:00:55.19",1.15
"386","R50",1,1,"M","00:00:53.42",0.00299999999999997,1,1,"D01","M","00:00:58.52",1.129
"387","R50",1,1,"M","00:00:53.42",0.00299999999999997,1,1,"D02","M","00:00:59.41",1.113
"388","R52",1,1,"M","00:01:14.48",0.104,3,1,"E04","M","00:01:14.12",0.754
"389","R52",1,1,"M","00:01:14.48",0.104,3,1,"E05","M","00:01:15.01",0.782
"390","R52",1,1,"M","00:01:14.48",0.104,3,1,"E06","M","00:01:15.89",0.742
"391","R52",1,1,"M","00:01:15.37",0.082,3,1,"E04","M","00:01:14.12",0.754
"392","R52",1,1,"M","00:01:15.37",0.082,3,1,"E05","M","00:01:15.01",0.782
"393","R52",1,1,"M","00:01:15.37",0.082,3,1,"E06","M","00:01:15.89",0.742
"394","R52",1,1,"M","00:01:16.26",0.087,3,1,"E04","M","00:01:14.12",0.754
"395","R52",1,1,"M","00:01:16.26",0.087,3,1,"E05","M","00:01:15.01",0.782
"396","R52",1,1,"M","00:01:16.26",0.087,3,1,"E06","M","00:01:15.89",0.742
"397","R53",1,1,"M","00:00:22.93",0.149,3,1,"A05","M","00:00:22.56",0.94
"398","R53",1,1,"M","00:00:22.93",0.149,3,1,"A06","M","00:00:23.45",1.042
"399","R53",1,1,"M","00:00:22.93",0.149,3,1,"A04","M","00:00:21.67",0.924
"400","R53",1,1,"M","00:00:22.04",0.159,3,1,"A05","M","00:00:22.56",0.94
"401","R53",1,1,"M","00:00:22.04",0.159,3,1,"A06","M","00:00:23.45",1.042
"402","R53",1,1,"M","00:00:22.04",0.159,3,1,"A04","M","00:00:21.67",0.924
"403","R53",1,1,"M","00:00:23.82",0.166,3,1,"A05","M","00:00:22.56",0.94
"404","R53",1,1,"M","00:00:23.82",0.166,3,1,"A06","M","00:00:23.45",1.042
"405","R53",1,1,"M","00:00:23.82",0.166,3,1,"A04","M","00:00:21.67",0.924
"406","R54",1,1,"M","00:01:01.37",0.085,3,1,"D04","M","00:01:01.01",0.774
"407","R54",1,1,"M","00:01:01.37",0.085,3,1,"D05","M","00:01:01.89",0.808
"408","R54",1,1,"M","00:01:01.37",0.085,3,1,"D06","M","00:01:02.78",0.852
"409","R54",1,1,"M","00:01:02.26",0.102,3,1,"D04","M","00:01:01.01",0.774
"410","R54",1,1,"M","00:01:02.26",0.102,3,1,"D05","M","00:01:01.89",0.808
"411","R54",1,1,"M","00:01:02.26",0.102,3,1,"D06","M","00:01:02.78",0.852
"412","R54",1,1,"M","00:01:03.15",0.101,3,1,"D04","M","00:01:01.01",0.774
"413","R54",1,1,"M","00:01:03.15",0.101,3,1,"D05","M","00:01:01.89",0.808
"414","R54",1,1,"M","00:01:03.15",0.101,3,1,"D06","M","00:01:02.78",0.852
"415","R56",1,1,"M","00:00:26.49",0.066,3,1,"D02","M","00:00:59.23",0.913
"416","R56",1,1,"M","00:00:26.49",0.066,3,1,"D01","M","00:00:58.34",0.937
"417","R56",1,1,"M","00:00:26.49",0.066,3,1,"D03","M","00:01:00.12",0.928
"418","R56",1,1,"M","00:00:25.60",0.058,3,1,"D02","M","00:00:59.23",0.913
"419","R56",1,1,"M","00:00:25.60",0.058,3,1,"D01","M","00:00:58.34",0.937
"420","R56",1,1,"M","00:00:25.60",0.058,3,1,"D03","M","00:01:00.12",0.928
"421","R56",1,1,"M","00:00:24.71",0.059,3,1,"D02","M","00:00:59.23",0.913
"422","R56",1,1,"M","00:00:24.71",0.059,3,1,"D01","M","00:00:58.34",0.937
"423","R56",1,1,"M","00:00:24.71",0.059,3,1,"D03","M","00:01:00.12",0.928
"424","R57",1,1,"M","00:00:46.49",0.122,3,1,"B11","M","00:00:41.01",1.052
"425","R57",1,1,"M","00:00:46.49",0.122,3,1,"B10","M","00:00:40.12",0.888
"426","R57",1,1,"M","00:00:46.49",0.122,3,1,"B12","M","00:00:41.90",1.13
"427","R57",1,1,"M","00:00:45.60",0.122,3,1,"B11","M","00:00:41.01",1.052
"428","R57",1,1,"M","00:00:45.60",0.122,3,1,"B10","M","00:00:40.12",0.888
"429","R57",1,1,"M","00:00:45.60",0.122,3,1,"B12","M","00:00:41.90",1.13
"430","R57",1,1,"M","00:00:47.37",0.121,3,1,"B11","M","00:00:41.01",1.052
"431","R57",1,1,"M","00:00:47.37",0.121,3,1,"B10","M","00:00:40.12",0.888
"432","R57",1,1,"M","00:00:47.37",0.121,3,1,"B12","M","00:00:41.90",1.13
"433","R58",2,1,"M","00:00:38.01",0.036,2,1,"B10","M","00:00:40.32",1.064
"434","R58",2,1,"M","00:00:38.01",0.036,2,1,"B11","M","00:00:41.21",1.063
"435","R58",2,1,"M","00:00:38.01",0.036,2,1,"B12","M","00:00:42.10",1.07
"436","R58",2,1,"M","00:00:37.12",0.034,2,1,"B10","M","00:00:40.32",1.064
"437","R58",2,1,"M","00:00:37.12",0.034,2,1,"B11","M","00:00:41.21",1.063
"438","R58",2,1,"M","00:00:37.12",0.034,2,1,"B12","M","00:00:42.10",1.07
"439","R58",2,1,"M","00:00:38.90",0.04,2,1,"B10","M","00:00:40.32",1.064
"440","R58",2,1,"M","00:00:38.90",0.04,2,1,"B11","M","00:00:41.21",1.063
"441","R58",2,1,"M","00:00:38.90",0.04,2,1,"B12","M","00:00:42.10",1.07
"442","R59",1,1,"M","00:01:04.04",0.102,3,1,"D08","M","00:01:04.56",0.779
"443","R59",1,1,"M","00:01:04.04",0.102,3,1,"D07","M","00:01:03.67",0.73
"444","R59",1,1,"M","00:01:04.04",0.102,3,1,"D09","M","00:01:05.45",0.75
"445","R59",1,1,"M","00:01:04.93",0.101,3,1,"D08","M","00:01:04.56",0.779
"446","R59",1,1,"M","00:01:04.93",0.101,3,1,"D07","M","00:01:03.67",0.73
"447","R59",1,1,"M","00:01:04.93",0.101,3,1,"D09","M","00:01:05.45",0.75
"448","R59",1,1,"M","00:01:05.82",0.105,3,1,"D08","M","00:01:04.56",0.779
"449","R59",1,1,"M","00:01:05.82",0.105,3,1,"D07","M","00:01:03.67",0.73
"450","R59",1,1,"M","00:01:05.82",0.105,3,1,"D09","M","00:01:05.45",0.75
"451","R60",2,1,"M","00:00:41.56",0.023,2,1,"C02","M","00:00:46.32",0.796
"452","R60",2,1,"M","00:00:41.56",0.023,2,1,"C01","M","00:00:45.43",0.784
"453","R60",2,1,"M","00:00:41.56",0.023,2,1,"C03","M","00:00:47.21",0.79
"454","R60",2,1,"M","00:00:39.79",0.021,2,1,"C02","M","00:00:46.32",0.796
"455","R60",2,1,"M","00:00:39.79",0.021,2,1,"C01","M","00:00:45.43",0.784
"456","R60",2,1,"M","00:00:39.79",0.021,2,1,"C03","M","00:00:47.21",0.79
"457","R60",2,1,"M","00:00:40.67",0.023,2,1,"C02","M","00:00:46.32",0.796
"458","R60",2,1,"M","00:00:40.67",0.023,2,1,"C01","M","00:00:45.43",0.784
"459","R60",2,1,"M","00:00:40.67",0.023,2,1,"C03","M","00:00:47.21",0.79
"460","R62",2,1,"M","00:01:32.23",0.027,2,1,"G02","M","00:01:38.76",0.864
"461","R62",2,1,"M","00:01:32.23",0.027,2,1,"G03","M","00:01:39.65",0.829
"462","R62",2,1,"M","00:01:32.23",0.027,2,1,"G01","M","00:01:37.88",0.898
"463","R62",2,1,"M","00:01:33.12",0.024,2,1,"G02","M","00:01:38.76",0.864
"464","R62",2,1,"M","00:01:33.12",0.024,2,1,"G03","M","00:01:39.65",0.829
"465","R62",2,1,"M","00:01:33.12",0.024,2,1,"G01","M","00:01:37.88",0.898
"466","R62",2,1,"M","00:01:34.01",0.023,2,1,"G02","M","00:01:38.76",0.864
"467","R62",2,1,"M","00:01:34.01",0.023,2,1,"G03","M","00:01:39.65",0.829
"468","R62",2,1,"M","00:01:34.01",0.023,2,1,"G01","M","00:01:37.88",0.898
"469","R78",2,1,"M","00:00:46.67",0.031,2,1,"C06","M","00:00:49.88",1.123
"470","R78",2,1,"M","00:00:46.67",0.031,2,1,"C04","M","00:00:48.10",1.189
"471","R78",2,1,"M","00:00:46.67",0.031,2,1,"C05","M","00:00:48.99",1.179
"472","R78",2,1,"M","00:00:44.90",0.03,2,1,"C06","M","00:00:49.88",1.123
"473","R78",2,1,"M","00:00:44.90",0.03,2,1,"C04","M","00:00:48.10",1.189
"474","R78",2,1,"M","00:00:44.90",0.03,2,1,"C05","M","00:00:48.99",1.179
"475","R78",2,1,"M","00:00:45.79",0.03,2,1,"C06","M","00:00:49.88",1.123
"476","R78",2,1,"M","00:00:45.79",0.03,2,1,"C04","M","00:00:48.10",1.189
"477","R78",2,1,"M","00:00:45.79",0.03,2,1,"C05","M","00:00:48.99",1.179
"478","T55",2,1,"M","00:00:23.12",0.026,2,1,"A06","M","00:00:23.65",1.028
"479","T55",2,1,"M","00:00:23.12",0.026,2,1,"A04","M","00:00:21.88",0.982
"480","T55",2,1,"M","00:00:23.12",0.026,2,1,"A05","M","00:00:22.76",1.033
"481","T55",2,1,"M","00:00:21.34",0.027,2,1,"A06","M","00:00:23.65",1.028
"482","T55",2,1,"M","00:00:21.34",0.027,2,1,"A04","M","00:00:21.88",0.982
"483","T55",2,1,"M","00:00:21.34",0.027,2,1,"A05","M","00:00:22.76",1.033
"484","T55",2,1,"M","00:00:22.23",0.028,2,1,"A06","M","00:00:23.65",1.028
"485","T55",2,1,"M","00:00:22.23",0.028,2,1,"A04","M","00:00:21.88",0.982
"486","T55",2,1,"M","00:00:22.23",0.028,2,1,"A05","M","00:00:22.76",1.033
"487","T56",1,1,"M","00:01:04.76",0.019,1,1,"D10","M","00:01:06.52",0.909
"488","T56",1,1,"M","00:01:04.76",0.019,1,1,"D09","M","00:01:05.63",1.003
"489","T56",1,1,"M","00:01:04.76",0.019,1,1,"D11","M","00:01:07.41",0.844
"490","T56",1,1,"M","00:01:02.98",0.00999999999999998,1,1,"D10","M","00:01:06.52",0.909
"491","T56",1,1,"M","00:01:02.98",0.00999999999999998,1,1,"D09","M","00:01:05.63",1.003
"492","T56",1,1,"M","00:01:02.98",0.00999999999999998,1,1,"D11","M","00:01:07.41",0.844
"493","T56",1,1,"M","00:01:03.87",0.019,1,1,"D10","M","00:01:06.52",0.909
"494","T56",1,1,"M","00:01:03.87",0.019,1,1,"D09","M","00:01:05.63",1.003
"495","T56",1,1,"M","00:01:03.87",0.019,1,1,"D11","M","00:01:07.41",0.844
"496","T57",2,1,"M","00:01:06.01",0.023,2,1,"E01","M","00:01:11.65",1.031
"497","T57",2,1,"M","00:01:06.01",0.023,2,1,"E02","M","00:01:12.54",1.021
"498","T57",2,1,"M","00:01:06.01",0.023,2,1,"E03","M","00:01:13.43",0.897
"499","T57",2,1,"M","00:01:06.90",0.019,2,1,"E01","M","00:01:11.65",1.031
"500","T57",2,1,"M","00:01:06.90",0.019,2,1,"E02","M","00:01:12.54",1.021
"501","T57",2,1,"M","00:01:06.90",0.019,2,1,"E03","M","00:01:13.43",0.897
"502","T57",2,1,"M","00:01:07.79",0.02,2,1,"E01","M","00:01:11.65",1.031
"503","T57",2,1,"M","00:01:07.79",0.02,2,1,"E02","M","00:01:12.54",1.021
"504","T57",2,1,"M","00:01:07.79",0.02,2,1,"E03","M","00:01:13.43",0.897
"505","T58",1,1,"M","00:01:26.53",-0.00900000000000001,1,1,"F07","M","00:01:30.07",1.249
"506","T58",1,1,"M","00:01:26.53",-0.00900000000000001,1,1,"F06","M","00:01:29.18",1.21
"507","T58",1,1,"M","00:01:26.53",-0.00900000000000001,1,1,"F08","M","00:01:30.96",1.167
"508","T58",1,1,"M","00:01:27.42",-0.00700000000000001,1,1,"F07","M","00:01:30.07",1.249
"509","T58",1,1,"M","00:01:27.42",-0.00700000000000001,1,1,"F06","M","00:01:29.18",1.21
"510","T58",1,1,"M","00:01:27.42",-0.00700000000000001,1,1,"F08","M","00:01:30.96",1.167
"511","T58",1,1,"M","00:01:28.31",-0.016,1,1,"F07","M","00:01:30.07",1.249
"512","T58",1,1,"M","00:01:28.31",-0.016,1,1,"F06","M","00:01:29.18",1.21
"513","T58",1,1,"M","00:01:28.31",-0.016,1,1,"F08","M","00:01:30.96",1.167
"514","T59",1,1,"M","00:00:47.20",-0.02,1,1,"C07","M","00:00:50.74",1.243
"515","T59",1,1,"M","00:00:47.20",-0.02,1,1,"C08","M","00:00:51.63",1.259
"516","T59",1,1,"M","00:00:47.20",-0.02,1,1,"C06","M","00:00:49.85",1.216
"517","T59",1,1,"M","00:00:48.09",-0.013,1,1,"C07","M","00:00:50.74",1.243
"518","T59",1,1,"M","00:00:48.09",-0.013,1,1,"C08","M","00:00:51.63",1.259
"519","T59",1,1,"M","00:00:48.09",-0.013,1,1,"C06","M","00:00:49.85",1.216
"520","T59",1,1,"M","00:00:48.98",-0.024,1,1,"C07","M","00:00:50.74",1.243
"521","T59",1,1,"M","00:00:48.98",-0.024,1,1,"C08","M","00:00:51.63",1.259
"522","T59",1,1,"M","00:00:48.98",-0.024,1,1,"C06","M","00:00:49.85",1.216
"523","T61",1,1,"M","00:01:33.65",0.00700000000000001,1,1,"F12","M","00:01:34.52",1.27
"524","T61",1,1,"M","00:01:33.65",0.00700000000000001,1,1,"G01","M","00:01:37.85",1.2
"525","T61",1,1,"M","00:01:33.65",0.00700000000000001,1,1,"G02","M","00:01:38.74",1.296
"526","T61",1,1,"M","00:01:31.87",-0.013,1,1,"F12","M","00:01:34.52",1.27
"527","T61",1,1,"M","00:01:31.87",-0.013,1,1,"G01","M","00:01:37.85",1.2
"528","T61",1,1,"M","00:01:31.87",-0.013,1,1,"G02","M","00:01:38.74",1.296
"529","T61",1,1,"M","00:01:32.76",-0.092,1,1,"F12","M","00:01:34.52",1.27
"530","T61",1,1,"M","00:01:32.76",-0.092,1,1,"G01","M","00:01:37.85",1.2
"531","T61",1,1,"M","00:01:32.76",-0.092,1,1,"G02","M","00:01:38.74",1.296
"532","T62",1,1,"M","00:00:44.54",0.00600000000000001,1,1,"C03","M","00:00:47.19",1.128
"533","T62",1,1,"M","00:00:44.54",0.00600000000000001,1,1,"C04","M","00:00:48.07",1.174
"534","T62",1,1,"M","00:00:44.54",0.00600000000000001,1,1,"C05","M","00:00:48.96",1.187
"535","T62",1,1,"M","00:00:45.42",0.013,1,1,"C03","M","00:00:47.19",1.128
"536","T62",1,1,"M","00:00:45.42",0.013,1,1,"C04","M","00:00:48.07",1.174
"537","T62",1,1,"M","00:00:45.42",0.013,1,1,"C05","M","00:00:48.96",1.187
"538","T62",1,1,"M","00:00:46.31",0.011,1,1,"C03","M","00:00:47.19",1.128
"539","T62",1,1,"M","00:00:46.31",0.011,1,1,"C04","M","00:00:48.07",1.174
"540","T62",1,1,"M","00:00:46.31",0.011,1,1,"C05","M","00:00:48.96",1.187
"541","X41",2,1,"M","00:01:24.23",0.037,2,1,"F06","M","00:01:29.21",1.079
"542","X41",2,1,"M","00:01:24.23",0.037,2,1,"F04","M","00:01:27.43",0.951
"543","X41",2,1,"M","00:01:24.23",0.037,2,1,"F05","M","00:01:28.32",1.011
"544","X41",2,1,"M","00:01:26.01",0.025,2,1,"F06","M","00:01:29.21",1.079
"545","X41",2,1,"M","00:01:26.01",0.025,2,1,"F04","M","00:01:27.43",0.951
"546","X41",2,1,"M","00:01:26.01",0.025,2,1,"F05","M","00:01:28.32",1.011
"547","X41",2,1,"M","00:01:25.12",0.038,2,1,"F06","M","00:01:29.21",1.079
"548","X41",2,1,"M","00:01:25.12",0.038,2,1,"F04","M","00:01:27.43",0.951
"549","X41",2,1,"M","00:01:25.12",0.038,2,1,"F05","M","00:01:28.32",1.011
"550","X42",1,1,"M","00:00:40.31",0.00699999999999998,1,1,"B12","M","00:00:42.08",1.081
"551","X42",1,1,"M","00:00:40.31",0.00699999999999998,1,1,"C01","M","00:00:45.41",1.04
"552","X42",1,1,"M","00:00:40.31",0.00699999999999998,1,1,"C02","M","00:00:46.30",1.008
"553","X42",1,1,"M","00:00:41.20",0.00600000000000001,1,1,"B12","M","00:00:42.08",1.081
"554","X42",1,1,"M","00:00:41.20",0.00600000000000001,1,1,"C01","M","00:00:45.41",1.04
"555","X42",1,1,"M","00:00:41.20",0.00600000000000001,1,1,"C02","M","00:00:46.30",1.008
"556","X42",1,1,"M","00:00:39.42",0,1,1,"B12","M","00:00:42.08",1.081
"557","X42",1,1,"M","00:00:39.42",0,1,1,"C01","M","00:00:45.41",1.04
"558","X42",1,1,"M","00:00:39.42",0,1,1,"C02","M","00:00:46.30",1.008
"559","X43",1,1,"M","00:01:19.65",0.011,1,1,"E12","M","00:01:21.41",1.107
"560","X43",1,1,"M","00:01:19.65",0.011,1,1,"F01","M","00:01:24.74",1.11
"561","X43",1,1,"M","00:01:19.65",0.011,1,1,"F02","M","00:01:25.63",1.121
"562","X43",1,1,"M","00:01:18.76",0.01,1,1,"E12","M","00:01:21.41",1.107
"563","X43",1,1,"M","00:01:18.76",0.01,1,1,"F01","M","00:01:24.74",1.11
"564","X43",1,1,"M","00:01:18.76",0.01,1,1,"F02","M","00:01:25.63",1.121
"565","X43",1,1,"M","00:01:20.53",0.01,1,1,"E12","M","00:01:21.41",1.107
"566","X43",1,1,"M","00:01:20.53",0.01,1,1,"F01","M","00:01:24.74",1.11
"567","X43",1,1,"M","00:01:20.53",0.01,1,1,"F02","M","00:01:25.63",1.121
"568","X44",1,1,"M","00:01:07.42",0.011,1,1,"E02","M","00:01:12.52",1.15
"569","X44",1,1,"M","00:01:07.42",0.011,1,1,"D12","M","00:01:08.30",1.134
"570","X44",1,1,"M","00:01:07.42",0.011,1,1,"E01","M","00:01:11.63",1.12
"571","X44",1,1,"M","00:01:05.65",0.012,1,1,"E02","M","00:01:12.52",1.15
"572","X44",1,1,"M","00:01:05.65",0.012,1,1,"D12","M","00:01:08.30",1.134
"573","X44",1,1,"M","00:01:05.65",0.012,1,1,"E01","M","00:01:11.63",1.12
"574","X44",1,1,"M","00:01:06.53",0.015,1,1,"E02","M","00:01:12.52",1.15
"575","X44",1,1,"M","00:01:06.53",0.015,1,1,"D12","M","00:01:08.30",1.134
"576","X44",1,1,"M","00:01:06.53",0.015,1,1,"E01","M","00:01:11.63",1.12
"577","X45",2,1,"M","00:01:12.90",0.015,2,1,"E05","M","00:01:15.21",0.956
"578","X45",2,1,"M","00:01:12.90",0.015,2,1,"E04","M","00:01:14.32",0.93
"579","X45",2,1,"M","00:01:12.90",0.015,2,1,"E06","M","00:01:16.10",1.077
"580","X45",2,1,"M","00:01:12.01",0.023,2,1,"E05","M","00:01:15.21",0.956
"581","X45",2,1,"M","00:01:12.01",0.023,2,1,"E04","M","00:01:14.32",0.93
"582","X45",2,1,"M","00:01:12.01",0.023,2,1,"E06","M","00:01:16.10",1.077
"583","X45",2,1,"M","00:01:11.12",0.026,2,1,"E05","M","00:01:15.21",0.956
"584","X45",2,1,"M","00:01:11.12",0.026,2,1,"E04","M","00:01:14.32",0.93
"585","X45",2,1,"M","00:01:11.12",0.026,2,1,"E06","M","00:01:16.10",1.077
"586","X46",1,1,"M","00:00:53.60",0.161,3,1,"C08","M","00:00:51.45",0.976
"587","X46",1,1,"M","00:00:53.60",0.161,3,1,"C09","M","00:00:52.34",0.998
"588","X46",1,1,"M","00:00:53.60",0.161,3,1,"C07","M","00:00:50.56",0.828
"589","X46",1,1,"M","00:00:54.49",0.131,3,1,"C08","M","00:00:51.45",0.976
"590","X46",1,1,"M","00:00:54.49",0.131,3,1,"C09","M","00:00:52.34",0.998
"591","X46",1,1,"M","00:00:54.49",0.131,3,1,"C07","M","00:00:50.56",0.828
"592","X46",1,1,"M","00:00:55.37",0.101,3,1,"C08","M","00:00:51.45",0.976
"593","X46",1,1,"M","00:00:55.37",0.101,3,1,"C09","M","00:00:52.34",0.998
"594","X46",1,1,"M","00:00:55.37",0.101,3,1,"C07","M","00:00:50.56",0.828
"595","X47",2,1,"M","00:00:26.67",0.004,2,1,"B01","M","00:00:32.32",1.281
"596","X47",2,1,"M","00:00:26.67",0.004,2,1,"A10","M","00:00:27.21",1.241
"597","X47",2,1,"M","00:00:26.67",0.004,2,1,"A11","M","00:00:28.10",1.238
"598","X47",2,1,"M","00:00:26.67",0.004,2,1,"A12","M","00:00:28.99",1.229
"599","X47",2,1,"M","00:00:26.67",0.004,2,1,"B02","M","00:00:33.21",1.233
"600","X47",2,1,"M","00:00:26.67",0.004,2,1,"B03","M","00:00:34.10",1.294
"601","X47",2,1,"M","00:00:28.45",0.031,2,1,"B01","M","00:00:32.32",1.281
"602","X47",2,1,"M","00:00:28.45",0.031,2,1,"A10","M","00:00:27.21",1.241
"603","X47",2,1,"M","00:00:28.45",0.031,2,1,"A11","M","00:00:28.10",1.238
"604","X47",2,1,"M","00:00:28.45",0.031,2,1,"A12","M","00:00:28.99",1.229
"605","X47",2,1,"M","00:00:28.45",0.031,2,1,"B02","M","00:00:33.21",1.233
"606","X47",2,1,"M","00:00:28.45",0.031,2,1,"B03","M","00:00:34.10",1.294
"607","X47",2,1,"M","00:00:27.56",-0.003,2,1,"B01","M","00:00:32.32",1.281
"608","X47",2,1,"M","00:00:27.56",-0.003,2,1,"A10","M","00:00:27.21",1.241
"609","X47",2,1,"M","00:00:27.56",-0.003,2,1,"A11","M","00:00:28.10",1.238
"610","X47",2,1,"M","00:00:27.56",-0.003,2,1,"A12","M","00:00:28.99",1.229
"611","X47",2,1,"M","00:00:27.56",-0.003,2,1,"B02","M","00:00:33.21",1.233
"612","X47",2,1,"M","00:00:27.56",-0.003,2,1,"B03","M","00:00:34.10",1.294
"613","X48",2,1,"M","00:01:17.34",0.003,2,1,"E12","M","00:01:21.43",1.136
"614","X48",2,1,"M","00:01:17.34",0.003,2,1,"E10","M","00:01:19.65",1.113
"615","X48",2,1,"M","00:01:17.34",0.003,2,1,"E11","M","00:01:20.54",1.13
"616","X48",2,1,"M","00:01:18.23",-0.001,2,1,"E12","M","00:01:21.43",1.136
"617","X48",2,1,"M","00:01:18.23",-0.001,2,1,"E10","M","00:01:19.65",1.113
"618","X48",2,1,"M","00:01:18.23",-0.001,2,1,"E11","M","00:01:20.54",1.13
"619","X48",2,1,"M","00:01:16.45",0.005,2,1,"E12","M","00:01:21.43",1.136
"620","X48",2,1,"M","00:01:16.45",0.005,2,1,"E10","M","00:01:19.65",1.113
"621","X48",2,1,"M","00:01:16.45",0.005,2,1,"E11","M","00:01:20.54",1.13
